Index,Tweet
1263,Immerse yourself in a sea of calm . #instagramdown #facebookdown #aquarium #WhatsAppDown #SquidGame #home… https://t.co/7DIKEgngaw
6302,This glass bridge game is giving me anxiety #SquidGame
7591,$NFLX I feel like I'm in the squid game. Which lane are you picking calls or puts? I picked puts hopefully I survive. #SquidGame #Netflix
8277,@WhatsApp I was injoying not talking to anyone I can catch up on #Squidgame
13505,"#SquidGame is so damn stressful. This show is incredible, but damn!"
14514,I AM STRESSED 😬😬😬 #squidgame
15123,@FirelordKarina THIS SHOW GOT MY ANXIETY ACTIN UP 😩😩😩 #SquidGame
18984,"What a perfect weather &amp; day for me to be watching #SquidGame, enjoying every minute of it👌"
20255,"If you watched/enjoyed #SquidGame. Congratulations, you're an anime fan 🤷🏾‍♂️"
26481,I hope 199 wins 😩#SquidGame
27003,#SquidGame is H for Hectic!!! Now on episode 3 ...Im stressed
32839,"I hope NONE of you have/had your kids, your friends' kids, neighbours' kids, nieces, nephews, etc. watching… https://t.co/9FRZ7sidX4"
34118,"I was drained from work earlier, then I decided to give myself more stress by binge watching #SquidGame 😂😂😂"
37606,I enjoy this pic #SquidGame #pokemon #strategy #games https://t.co/eehRoFuhzs
39851,"I’ve come to enjoy Korean tv &amp; film on @netflix. @ParasiteMovie was incredible. #SweetHome, fascinating. #SquidGame… https://t.co/eD5rhEhP2y"
41489,RT @laurenlovejoy6: Had a fantastic radio interview talking about life as a performer with #aspergers with @autism_daly @LouMull #awareness…
41730,Are probiotics a promising treatment strategy for depression? | Depression Treatments | http://t.co/m3FDIWLgNK
41896,Some Excellent Approaches To Deal With Depression | Article Teller | http://t.co/9tvfgaK7mw
42012,Depression Treatments | http://t.co/GEP2uGBUUy
42073,Reston firm helps health-care providers ID high-risk patients | Depression Treatments | http://t.co/aaOmzU2VA4
42254,Stop Letting Depression Take Control Of Your Life Using These Simple Tips - via sandraaozie - Newsvine | http://t.co/X7tRDp1OmP
42276,"Overcome Depression: [TICON-A SLIDESHOW] Conor Cusack: Depression is a friend, not my enemy - Irish Independent (b… http://t.co/JP1wdNWOig"
44288,crying of happiness
47003,"Natural Remedy/medications For Stress, Depression, Anxiety, And Migraines? http://bit.ly/l3tc7"
47640,It's nice to know that everything I do is completely pointless and nobody cares. YAY! #adventuresindepression #guesswhoishavingabadday
50551,@shelleyhennig happy birthday angel!!!!! i hope you have a super wonderful day!!! i love u so much ❤️
52222,"@NateSilver538 @JoeNBC @morningmika @WillieGeist smells too high heaven! Mika,Andrea,other protesting /panic,saying… https://t.co/GPgYGoAtY7"
61525,@AllThingsTSLA It’s only getting worse they don’t want to invest in renewable energy. Hope Tesla comes but they will need solar and batterys at chargers we already have Tesla Solar and powerwalls
63575,@CrazyWeeMonkey @j_vikingland @JaredChamney @TechPreacher @SawyerMerritt @Tesla This puts more stress on the car e.g higher probability of warranty claims. So I think its fine. No gasoline car runs at full spec otherwise chip tuning would not be a thing.
71748,"In the aftermath of Australia's Federal Election, it was nice to come into the office this morning to this reminder. @GretaThunberg and all the climate kids still give me hope for our future. #hope #SchoolStrike4Climate #ClimateCrisis https://t.co/mtozeaAF9l"
74920,"We wrote for our UK comrades at @hopenothate about Australia's Federal Election and far-right attempts to throw bricks through the Overton Window. 🧱🧱
https://t.co/6zAaoWghkV
#auspol #ausvotes"
77652,"@solwat Hopefully this result has provided some ""education"" to the rest of Australia. You simply can't ignore the needs of one state to appease others. The election platform needs to be for all Australians, not just one side of the political scale."
78752,Let’s hope Australia 🇦🇺 does well tonight. They need cheering up after their General Election. #Eurovision2019
87737,"No matter who you intend to vote for, or whether or not the government you want is elected today, remember that in Australia we remain privileged to have the opportunity today to exercise our right to vote, so if you haven’t already voted don’t forget to get out and vote today"
92656,"me too! 🤞🏼🤞🏼🤞🏼🤞🏼🤞🏼🤞🏼🤞🏼🤞🏼🤞🏼🤞🏼🤞🏼
👉🏼👉🏼'Fingers crossed': Samoa PM hopes Australians will vote for climate action #auspoI #ausvotes  https://t.co/Uy09OXyT1j"
93550,"@LiberalAus Do you think you can scare Australia into voting for you again Liberal Party 
Scaredy car party 
You forgot Australians have balls 
Australia is not a country of scaredy cats trembling in fear
You can't scare us again
Don't be scared by liberals
The scaredy cat party
Vote labour"
95846,"@Zaica71 Yeah I'm ok thanks Sonia. I've been recuperating, convalescencing &amp; enjoying some quality time with @LouiseBeaston. Wedding plans are going well. Looking forward to the environment in Australia post election. We all need to continue the fight for fairness, rationalism &amp; humanism https://t.co/QL7R5VRk2g"
97420,"@Barnaby_Joyce @The_NDL "" ... as a former Deputy Prime Minister of Australia and having held numerous ministerial portfolios, Mr Joyce has an obligation to his party and the Coalition to ensure they secure as many seats as possible in the coming election."" #auspol #AusVotes2019"
100481,"It's been less than 48 hours and Scomo has seen off not 1 Labor PM hopefuls but 2.
Shorten was easy.
Plibersek was scared.
Who the fuck is next. 😂😂😂#auspol"
101172,"Just curious to know how people c @LiberalAus Retiree Tax con? Was it against spirit of fair play on the #ausvotes hustings? To me it is akin to Hockey's ""Budget Emergency"" lie. Dishonesty/instilling fear in Electioneering MUST be stopped, by Legislation if necessary. #auspol"
103430,"Breaking News - Industries infamous for greed, screwing customers over &amp;  outrageous executive salaries are overjoyed their rampant unethical  behaviour will continue unchecked thanks to half of Australia's heinous  stupidity! #auspol #AusVotes2019 #kleptocracy #AUSVote19 https://t.co/oRbZYtLJCy"
104465,"@CatPurry9 Exactly my thought. I hope he’s pissed off, but chances are he’s quietly thinking that he might indeed be the embodiment of second coming... there’s no underestimating the insanity of religious types like him. #auspol"
104821,"#Auspol
#Auspol
More a mammoth that will now with the impending death of the #ABC will see OZ reduced to a country with media elected govs where OZ will have fear, no policies &amp; blatant unchallenged lies winning over vision and fairness.
Murdoch is a cancer on our country. https://t.co/vrMZRFJCSF"
108500,"It's just so sad the most vulnerable people, who have been so unlucky to end up living with something they never asked for. Must yet again be left behind. For the sake of a few individuals profit and income. 

Alternatively, maybe we too can only hope in a miracle.#auspol"
