Tweet,Sentiment
Stress is a big part of my life right now.,Negative
I love practicing mindfulness every morning.,Positive
Work deadlines are killing me! Need some relaxation.,Negative
Mental health is just as important as physical health.,Positive
"I started journaling, and it has helped me manage anxiety.",Negative
Burnout is real. Take care of yourself!,Positive
Gratitude journaling is the best self-care practice.,Positive
Feeling calm and positive after my therapy session.,Positive
Insomnia is making my days so stressful.,Negative
"Life is good, focusing on mindfulness and gratitude.",Positive
