Index,Tweet,Sentiment
252,So far I’ve watched 2 episodes of Squid Game on @netflix I’m actually really enjoying it. The internal conflict of… https://t.co/Qko1FRvwN5,Positive
2623,"@FallonTonight @leejungjaevn @netflix @Madonna I'm a little nervous about this, but I hope #SquidGame cast be well received. &lt;3",Positive
8145,"I HAVENT POSTED IN FOREVER BUT PLEAse ENJOY MY SAE-BYEOK FANART
#SquidGame #squidgamenetflix #squidgamefanart… https://t.co/R5rLJWMBju",Positive
9547,Can we just talk about how terrible squid games is. Shit gave me anxiety. #SquidGame #Netflix,Negative
14670,"@FluidMilo cat lover would enjoy my new collection CryptoCat Club 😘🦑 #SquidGame
https://t.co/DOY2DAbuXd… https://t.co/HzyhbND8rY",Positive
18970,New session: https://t.co/ZuBmCMaBKb enjoy 🔥🔥🔥💯 mmusi #wednesdaythought #wednesdaymotivations #BBNaijia #COVID19… https://t.co/eoFXsyNm25,Positive
20362,"Pls,I hope you develop #SquidGame games in stream. players around the world will be able to play. 

@Steam  #Netflix @netflix",Positive
25060,"@rigelprotocol @AxieInfinity Best project ever! 
I am very happy to be participating in this project. I hope this p… https://t.co/q58C1BRCtU",Positive
28673,I hope more of my fellow #SouthAfricans understand why we need to put some of our money into #crypto… we live in a… https://t.co/KzCO2NJkxP,Positive
28840,"Unknown side effect of my Covid isolation, watched Squid Game in one day. #SquidGame https://t.co/dzphJ8Zj6W",Negative
28879,Well I just binged #SquidGame in one sitting. I wasn’t sure it would live up to the hype but I thoroughly enjoyed i… https://t.co/2T8zpdWoZt,Positive
30901,"Unpopular opinion: I enjoyed watching @bridgerton more than #SquidGame. 

#Bridgerton #squidgamenetflix",Positive
31146,@letshope2change Squid Game Ramen Hacks  https://t.co/6KbB5sbtON    #squidgame #squidgamefood #squidgameramen… https://t.co/iFBhAONdCi,Positive
37091,Just finished episode four of #squidgame. I can’t remember the last time a TV show gave me so much anxiety 🙃,Negative
38652,I was enjoying the set design in #SquidGame then I got to the first game…..and I just couldn’t enjoy anything anymo… https://t.co/9Ud6FikCxV,Positive
41618,"Circle's End: Depression Therapy — Arts in Healthcare brightens walls, lives of... | http://t.co/hVSjaAGBLQ",Negative
41739,Stossel's 'Age Of Anxiety' Reveals Con At Heart Of Managed Behavioral Health Care | Depression Treatments | http://t.co/Lc3CvwKSeo,Negative
41752,She Talk: InformationYouDidNotLearnAboutDepression | http://t.co/NLGYkm7JDc,Positive
41847,5 naturally soothing scents | Overcome Depression | http://t.co/BOSHGR35HC,Negative
41897,Support Manage Depression By Hoping These Tips | Article Teller | http://t.co/Ke4cC7zkeq,Positive
41921,Battle Depression By Trying These Uncomplicated Suggestions | Article Teller | http://t.co/FUgq8dCyM0,Negative
42040,Olive oil cured ‘honeymoon cystitis’ | Depression Treatments | http://t.co/aAgyubnL7l,Negative
42163,pricing metals: Effective Advice For Depression | http://t.co/m5vOBN1MyD,Negative
42167,FrienditePlus - Blog View - Review This Article To combat Against Depression | http://t.co/dEfFg1b7VR,Negative
42302,Overcome Depression: Breaking the Barrier: Physicians Look to Battle Depression | http://t.co/ApPfU4MpMw,Negative
44390,How do you exercise your brain to branch out into more … — I have a bunch of friends with a variety of interests an… https://t.co/MLv8PE7eLP,Positive
45622,RT @lindaarcuriyoga: @VeganFoodChat A1 I think it's helpful to point out how much food is naturally vegan and for people to realize they do…,Positive
45696,Wanted : friends with anxiety who understand  that I want to do something but feel literally unable to move 🙍🏻,Positive
46380,"RT @Louis_Tomlinson: Another day of writing today , really working hard on this next album . Hope you lot love it !!",Positive
46772,Chronic Fatigue Syndrome And Military Service? http://bit.ly/48TFR8,Negative
47016,"Anxiety, Stress, And Dizziness? http://bit.ly/blkJ",Negative
48968,@azarkansero I can't stress enough how mediocre I am music wise.,Positive
51602,"@CharlesButler52 @amjoyshow @JamilSmith Charles, are you the Black guy who voted for #LyingDonaldTrump?  Shame on you, fool.",Negative
55428,@rhaeman I hope you become roadkill one day.,Positive
66306,Looking forward to seeing a prototype of the Tesla Mannequin™ released on Sept 30th. Hopefully it comes in different outfits.,Positive
74434,"Labor loses in Australia in an election it should have won. Two many mixed message, too many fears of high taxes or willingness to sacrifice industrial jobs on green altars. https://t.co/vYa4ZC8NmA Be good to get @johnmcternan's take @JasonCowleyNS @ButlerKatherine",Positive
80414,@baumfran In my insomnia at 3am Chicago time I heard BBC radio report a possible Labor win in Australia. So sorry to learn this. The struggle continues. #ausvotes #ausvotes19 #Solidarity #equity  https://t.co/4CKUkFyMHh,Positive
81876,"""The Latest: Australia PM Says He Never Gave Up Hope He'd Win"" by The Associated Press via NYT https://t.co/QYZHXkYg8H",Positive
94853,"I'm listening to the  ""Election Spotlight: What's required to address Australia's mental health needs?"" episode from  ""Life Matters"" , presented by Hilary Harper and Michael Mackenzie - https://t.co/DdpqqqyrYL. Available now through the ABC listen App - https://t.co/QeZrjoUXMa",Positive
95719,"Barnaby_Joyce Barnaby_Joyce , it’s not Vote Compass or the ABC saying it. It’s us! Yes, it’s the people of Australia!! You know, the people who pay your wages...

ABC just enabled it. Is that why your mob want to privatise the ABC? 

Have you got a problem with democracy?",Negative
101858,"Pensionoer on the train home:  Fearing a Labor win, I was too scared to look at the election result on Sunday morning, until someone phoned me to tell me the result.  #auspol #AUSVote2019",Negative
103674,"@DallasLewis_Aus @nobby15 @Ri373Ash Agreed 100%. Old adage, wrestle in the mud with the big...pig will enjoy it &amp; both of you get dirty. Time to break the neoliberal economic dogma in order to move forward. US going through that right now &amp; we need to be next. #auspol #AUSVotes19 #Election2019Results",Positive
104992,"@drkerrynphelps so gutted for you and for ""sanity"" in the Australian Senate. You gave some of us hope there was a way back to decency and that's now gone. 
Thank you for everything you did - may the #purplereign continue somewhere in future. We will support you 100%. #Auspol",Positive
106003,No politicians take a meta view of our nation. They do not join the dots between high rates of: job insecurity; underemployment; housing affordability; stressful work conditions for working class; abuse of both prescription and other substances; high rates of suicide etc. #auspol,Negative
106148,@Mannapete @keskes60 @sirisgonerogue Black holes aplenty i suspect . We really have no idea regarding the state of the economy . We will find out sooner rather than later I fear #Auspol,Negative
107001,@getup and piss off! @AustralianLabor @JaneCaro @cathywilcox1 @MikeCarlton01 @FrBower @Meshel_Laurie Queenslander!! that's how democratic voting works! flights to NZ aren't too expensive btw 😂😂 enjoy your week! #auspol #ausvotes https://t.co/DVdL7JAOFd,Positive
